ProductID,ProductName,UnitPrice,Quantity,Subtotal
1000,Presto Fly 3,11999.00,0,11999.00
1001,Superstar Bold 2,11999.00,0,11999.00
1002,Old Skool Lite 3,4999.00,0,4999.00
1003,Air Zoom Structure 2,12999.00,0,12999.00
1004,Flyknit Racer,9999.00,0,9999.00
1005,Superstar Foundation,7999.00,0,7999.00
1006,Old Skool,4499.00,0,4499.00
1007,Air Zoom Pegasus,10999.00,0,10999.00
1008,Stan Smith,6999.00,0,6999.00
1009,Sk8-Hi MTE,5299.00,0,5299.00
1010,Free RN 2,8999.00,0,8999.00
1011,Yung-1,9999.00,0,9999.00
1012,Authentic,3999.00,0,3999.00
1013,Air Force 1,10999.00,0,10999.00
1014,Gazelle,7999.00,0,7999.00
1015,Era,4999.00,0,4999.00
1016,Presto Fly,8999.00,0,8999.00
1017,Superstar Bold,9999.00,0,9999.00
1018,Old Skool Lite,3999.00,0,3999.00
1019,Air Zoom Structure,10999.00,0,10999.00
1020,Stan Smith Bold,7999.00,0,7999.00
1021,Sk8-Hi Pro,5999.00,0,5999.00
1022,Free RN Flyknit,9999.00,0,9999.00
1023,Yung-96,8999.00,0,8999.00
1024,Authentic Lite,3499.00,0,3499.00
1025,Air Max 270,10999.00,0,10999.00
1026,Gazelle Bold,8999.00,0,8999.00
1027,Era Pro,5499.00,0,5499.00
1028,Presto Fly 2,9999.00,0,9999.00
1029,Superstar Foundation 2,10999.00,0,10999.00
1030,Old Skool Lite 2,4499.00,0,4499.00
1031,Air Zoom Pegasus 2,11999.00,0,11999.00
1032,Stan Smith Pro,8999.00,0,8999.00
1033,Sk8-Hi MTE 2,6299.00,0,6299.00
1034,Free RN 3,10999.00,0,10999.00
1035,Yung-1 Pro,10999.00,0,10999.00
1036,Authentic Pro,4999.00,0,4999.00
1037,Air Force 1 Pro,12999.00,0,12999.00
1038,Gazelle Pro,9999.00,0,9999.00
1039,Era Pro 2,5999.00,0,5999.00
1040,Era Pro 2,5999.00,0,5999.00
1041,Presto Fly 3,10999.00,0,10999.00
1042,Superstar Bold 2,11999.00,0,11999.00
1043,Old Skool Lite 3,4999.00,0,4999.00
1044,Air Zoom Structure 2,12999.00,0,12999.00
1045,Stan Smith Bold 2,9999.00,0,9999.00
1046,Sk8-Hi Pro 2,6999.00,0,6999.00
1047,Air Force 1 Pro 2,13999.00,0,13999.00
1048,Gazelle Pro 2,10999.00,0,10999.00
1049,Era Pro 3,6499.00,0,6499.00
1050,Presto Fly 4,11999.00,0,11999.00
1051,Superstar Bold 3,12999.00,0,12999.00
1052,Old Skool Lite 4,5499.00,0,5499.00
1053,Air Zoom Structure 3,14999.00,0,14999.00
1054,Stan Smith Bold 3,10999.00,0,10999.00
1055,Sk8-Hi Pro 3,7499.00,0,7499.00
1056,Air Force 1 Pro 3,14999.00,0,14999.00
1057,Gazelle Pro 3,11999.00,0,11999.00
1058,Era Pro 4,6999.00,0,6999.00
1059,Presto Fly 5,12999.00,0,12999.00
1060,Superstar Bold 4,13999.00,0,13999.00
1061,Old Skool Lite 5,5999.00,0,5999.00
1062,Air Zoom Structure 4,15999.00,0,15999.00
1063,Stan Smith Bold 4,11999.00,0,11999.00
1064,Sk8-Hi Pro 4,7999.00,0,7999.00
1065,Air Force 1 Pro 4,15999.00,0,15999.00
1066,Gazelle Pro 4,12999.00,0,12999.00
1067,Era Pro 5,7499.00,0,7499.00
1068,Presto Fly 6,13999.00,0,13999.00
1069,Superstar Bold 5,14999.00,0,14999.00
1070,Old Skool Lite 6,6499.00,0,6499.00
1071,Air Zoom Structure 5,16999.00,0,16999.00
1072,Stan Smith Bold 5,12999.00,0,12999.00
1073,Sk8-Hi Pro 5,8499.00,0,8499.00
1074,Air Force 1 Pro 5,16999.00,0,16999.00
1075,Gazelle Pro 5,13999.00,0,13999.00
1076,Era Pro 6,7999.00,0,7999.00
1077,Presto Fly 7,14999.00,0,14999.00
1078,Superstar Bold 6,15999.00,0,15999.00
1079,Old Skool Lite 7,6999.00,0,6999.00
1080,Air Zoom Structure 6,17999.00,0,17999.00
1081,Stan Smith Bold 6,13999.00,0,13999.00
1082,Sk8-Hi Pro 6,8999.00,0,8999.00
1083,Air Force 1 Pro 6,17999.00,0,17999.00
1084,Gazelle Pro 6,14999.00,0,14999.00
1085,Era Pro 7,8499.00,0,8499.00
1086,Presto Fly 8,15999.00,0,15999.00
1087,Free 7,14999.00,0,14999.00
1088,Rival 7,13999.00,0,13999.00
1089,Sk8-Hi Pro 7,9299.00,0,9299.00
1090,Air Zoom Pegasus 5,17999.00,0,17999.00
1091,Stan Smith Pro 5,14999.00,0,14999.00
1092,Old Skool Lite 8,7499.00,0,7499.00
1093,Air Force 1 Pro 7,18999.00,0,18999.00
1094,Gazelle Pro 7,15999.00,0,15999.00
1095,Era Pro 8,8999.00,0,8999.00
1096,Presto Fly 9,16999.00,0,16999.00
1097,Superstar Pro 5,16999.00,0,16999.00
1098,Sk8-Hi Pro 8,9599.00,0,9599.00
1099,Air Zoom Structure 7,18999.00,0,18999.00
1100,Stan Smith Pro 6,15999.00,0,15999.00
1101,Old Skool Lite 9,7999.00,0,7999.00
1102,Air Force 1 Pro 8,19999.00,0,19999.00
1103,Gazelle Pro 8,16999.00,0,16999.00
1104,Air Max 90,8999.00,0,8999.00
1105,Ultraboost 21,11999.00,0,11999.00
1106,Classic Slip-On,3499.00,0,3499.00
1107,Chuck Taylor All Star,2999.00,0,2999.00
1108,Old Skool,4599.00,0,4599.00
1109,Gel-Kayano 28,9999.00,0,9999.00
1110,Fresh Foam 1080,10499.00,0,10499.00
1111,Air Force 1,7999.00,0,7999.00
1112,Yeezy Boost 350,17999.00,0,17999.00
1113,Ignite Flash,3999.00,0,3999.00
1114,ZoomX Vaporfly,18999.00,0,18999.00
1115,Cloud X,11299.00,0,11299.00
1116,Adilette Slides,1999.00,0,1999.00
1117,React Infinity Run,12499.00,0,12499.00
1118,RS-X3 Puzzle,6799.00,0,6799.00
1119,997H,5999.00,0,5999.00
1120,Classic Leather,4999.00,0,4999.00
1121,Legend Essential,3799.00,0,3799.00
1122,Superstar,7499.00,0,7499.00
1123,Bamba,1299.00,0,1299.00
1124,Club C Revenge,5899.00,0,5899.00
1125,Phantom GX,9999.00,0,9999.00
1126,Floatride Energy,6599.00,0,6599.00
1127,Speedcross 5,9999.00,0,9999.00
1128,Grand Court,4299.00,0,4299.00
